Type,Authors,Title,Year,Cited.by,Design Type,Analysis Type,Sample Size,Sample Size Justification,Model Adequacy,Model Selection,Randomization,Blocking
All Manufacturing,Kapil S.; Legesse F.; Kulkarni P.; Joshi P.; Desai A.; Karunakaran K.P.,Hybrid-layered manufacturing using tungsten inert gas cladding,2016,25,Taguchi,ANOVA,16,None,None,None,None,None
All Manufacturing,Brugo T.; Palazzetti R.; Ciric-Kostic S.; Yan X.T.; Minak G.; Zucchelli A.,Fracture mechanics of laser sintered cracked polyamide for a new method to induce cracks by additive manufacturing,2016,28,Single-Factor,Descriptive,3,None,None,None,None,None
All Manufacturing,Bouyer M.; Guillot R.; Lavaud J.; Plettinx C.; Olivier C.; Curry V.; Boutonnat J.; Coll J.-L.; Peyrin F.; Josserand V.; Bettega G.; Picart C.,Surface delivery of tunable doses of BMP-2 from an adaptable polymeric scaffold induces volumetric bone regeneration,2016,108,Full Factorial,Mann-Whitney U,120,None,None,None,Yes,None
All Manufacturing,Du J.; Wei Z.; Wang X.; Fang X.; Zhao G.,A novel high-efficiency methodology for metal additive manufacturing,2016,13,Full Factorial,Descriptive,7,None,None,None,None,None
All Manufacturing,Griffiths C.A.; Howarth J.; De Almeida-Rowbotham G.; Rees A.; Kerton R.,A design of experiments approach for the optimisation of energy and waste during the production of parts manufactured by 3D printing,2016,87,Taguchi,ANOVA,32,None,None,Yes,Yes,None
All Manufacturing,Bissett H.; Van Der Wall I.J.,"Metal and alloy spheroidisation for the Advanced Metals Initiative of South Africa, using high-temperature radio-frequency plasmas",2017,3,Single Factor,Desriptive,3,None,None,None,None,None
All Manufacturing,Ly S.; Rubenchik A.M.; Khairallah S.A.; Guss G.; Matthews M.J.,Metal vapor micro-jet controls material redistribution in laser powder bed fusion additive manufacturing,2017,301,Other,Descriptive,37,None,None,None,None,None
All Manufacturing,Scipioni Bertoli U.; Wolfer A.J.; Matthews M.J.; Delplanque J.-P.R.; Schoenung J.M.,On the limitations of Volumetric Energy Density as a design parameter for Selective Laser Melting,2017,429,Full Factorial,Descriptive,25,None,None,None,None,None
All Manufacturing,Galarraga H.; Warren R.J.; Lados D.A.; Dehoff R.R.; Kirka M.M.; Nandwana P.,Effects of heat treatments on microstructure and properties of Ti-6Al-4V ELI alloy fabricated by electron beam melting (EBM),2017,242,Full Factorial,Regression ,24,None,None,None,None,None
All Manufacturing,Haeri S.; Wang Y.; Ghita O.; Sun J.,Discrete element simulation and experimental study of powder spreading process in additive manufacturing,2017,199,Full Factorial,Descriptive,60,None,None,None,None,None
All Manufacturing,Graf M.; HÃƒÂ¤lsig A.; HÃƒÂ¶fer K.; Awiszus B.; Mayr P.,Thermo-mechanical modelling of wire-arc additive manufacturing (WAAM) of semi-finished products,2018,53,Full Factorial,Descriptive,8,None,None,None,None,None
All Manufacturing,Shen H.; Diao H.; Yue S.; Fu J.,"Fused deposition modeling five-axis additive manufacturing: machine design, fundamental printing methods and critical process characteristics",2018,19,Single-Factor,Regression,10,None,None,None,None,None
All Manufacturing,Li Y.; Huang X.; HorvÃƒÂ¡th I.; Zhang G.,GMAW-based additive manufacturing of inclined multi-layer multi-bead parts with flat-position deposition,2018,19,Single-Factor,Descriptive,17,None,None,None,None,None
All Manufacturing,Dessery Y.; Pallari J.,Measurements agreement between low-cost and high-level handheld 3D scanners to scan the knee for designing a 3D printed knee brace,2018,29,Single-Factor,T-Test ,28,None,Yes,None,None,None
All Manufacturing,Chen Y.-T.; Hung F.-Y.; Lui T.-S.; Tan H.-P.,Microstructure and high temperature charge-discharge characteristics of 3D additive manufacturing produced Mg-Ni anode,2018,1,Single-Factor,Descriptive,3,None,None,None,None,None
All Manufacturing,Huynh L.P.T.; Nguyen H.A.; Nguyen H.Q.; Phan L.K.H.; Tran T.T.,Effect of process parameters on mechanical strength of fabricated parts using the fused deposition modelling method,2019,11,Taguchi,Regression,24,None,Yes,None,Yes,Yes
All Manufacturing,Xing X.; Duan X.; Sun X.; Gong H.; Wang L.; Jiang F.,Modification of residual stresses in laser additive manufactured AlSi10Mg specimens using an ultrasonic peening technique,2019,23,Single-Factor,Descriptive,4,None,None,None,None,None
All Manufacturing,Wong H.; Neary D.; Shahzad S.; Jones E.; Fox P.; Sutcliffe C.,Pilot investigation of feedback electronic image generation in electron beam melting and its potential for in-process monitoring,2019,16,Single Value,Descriptive,1,None,None,None,None,None
All Manufacturing,Ancellotti S.; Fontanari V.; Molinari A.; Iacob E.; Bellutti P.; Luchin V.; Zappini G.; Benedetti M.,Numerical/experimental strategies to infer enhanced liquid thermal conductivity and roughness in laser powder-bed fusion processes,2019,9,Full Factorial,Regression,27,None,Yes,None,None,None
All Manufacturing,Chen H.; Wei Q.; Zhang Y.; Chen F.; Shi Y.; Yan W.,Powder-spreading mechanisms in powder-bed-based additive manufacturing: Experiments and computational modeling,2019,151,Full Factorial,Descriptive,30,None,None,None,None,None
All Manufacturing,Li M.; Han Y.; Zhou M.; Chen P.; Gao H.; Zhang Y.; Zhou H.,Experimental investigating and numerical simulations of the thermal behavior and process optimization for selective laser sintering of PA6,2020,16,Full Factorial,Descriptive,25,None,None,None,None,None
All Manufacturing,Schwartz J.J.; Hamel J.; Ekstrom T.; Ndagang L.; Boydston A.J.,Not all PLA filaments are created equal: an experimental investigation,2020,9,Single-Factor,Regression,22,None,Yes,None,None,None
All Manufacturing,Pacheco V.; Karlsson D.; Marattukalam J.J.; Stolpe M.; HjÃƒÂ¶rvarsson B.; Jansson U.; Sahlberg M.,Thermal stability and crystallization of a Zr-based metallic glass produced by suction casting and selective laser melting,2020,44,Full Factorial,Descriptive,16,None,None,None,None,None
All Manufacturing,Ji B.; Han H.; Lin R.; Li H.,Failure modes of lattice sandwich plate by additive-manufacturing and its imperfection sensitivity,2020,8,Repeated Trials,Descriptive,2,None,None,None,None,None
All Manufacturing,Ameri B.; Taheri-Behrooz F.; Aliha M.R.M.,Fracture loads prediction of the modified 3D-printed ABS specimens under mixed-mode I/II loading,2020,44,Single-Factor,Regression,16,None,None,None,None,None
All Manufacturing,Yang L.; Wu S.; Yan C.; Chen P.; Zhang L.; Han C.; Cai C.; Wen S.; Zhou Y.; Shi Y.,Fatigue properties of Ti-6Al-4V Gyroid graded lattice structures fabricated by laser powder bed fusion with lateral loading,2021,43,Single-Factor,Distribution Comparisons,2,None,None,None,None,None
All Manufacturing,Cao X.; Yang H.; Ren X.; Wu W.; Xi L.; Li Y.; Fang D.,Mechanical performance and defect analysis of the imperfect micro smooth gyroid cylinder shell structure,2021,15,Single value,Distribution Comparisons,1,None,None,None,None,None
All Manufacturing,Shakeri Z.; Benfriha K.; Shirinbayan M.; Ahmadifar M.; Tcharkhtchi A.,Mathematical modeling and optimization of fused filament fabrication (Fff) process parameters for shape deviation control of polyamide 6 using taguchi method,2021,13,Taguchi,Regression,9,None,None,None,None,None
All Manufacturing,Gottsauner M.; Reichert T.; Koerdt S.; Wieser S.; Klingelhoeffer C.; Kirschneck C.; Hoffmann J.; Ettl T.; Ristow O.,Comparison of additive manufactured models of the mandible in accuracy and quality using six different 3D printing systems,2021,6,Single-Factor,Mann-Whitney U,72,None,Yes,None,None,None
All Manufacturing,Haslich F.; Kirchner A.; Kloden B.; WeiBgarber T.,"Parameter Window, Microstructure and Properties of Pure Copper Processed by Selective Electron Beam Melting",2021,0,Central Composite,ANOVA,72,None,Yes,Yes,Yes,Yes
All Manufacturing,Bacciaglia A.; Ceruti A.; Liverani A.,A design of experiment approach to 3D-printed mouthpieces sound analysis,2021,1,Full factorial,Regression,12,None,None,Yes,None,None
All Manufacturing,Haddad M.; Nixon K.; Sellers R.; Anez Lijeron G.; Wang H.; Gould B.; Wolff S.J.,Laser Spot Melting on Ti-6Al-4V Substrates: A Study on Thermal History and Keyhole Porosity,2022,0,Other,Descriptive,14,None,None,None,None,None
All Manufacturing,Gong M.; Tao C.; Zhang C.; Ji H.; Qiu J.,A method for regulating negative Poisson's ratio by a reentrant anti-tetrachiral structure,2022,1,Repeated Trials,Descriptive,3,None,None,None,None,None
All Manufacturing,Li M.; Miao G.; Du W.; Pei Z.; Ma C.,Difference between powder bed density and green density for a free-flowing powder in binder jetting additive manufacturing,2022,2,Single-Factor,Descriptive,20,None,None,None,Yes,None
All Manufacturing,Onler R.; Koca A.S.; Kirim B.; Soylemez E.,Multi-objective optimization of binder jet additive manufacturing of Co-Cr-Mo using machine learning,2022,7,Taguchi,ANOVA,27,None,None,Yes,Yes,None
All Manufacturing,Lei H.; Song C.; Liu Z.; Deng Z.; Yu J.; Yuan F.; Yang Y.,Rational design and additive manufacturing of alumina-based lattice structures for bone implant,2022,3,Single-Factor,ANOVA,6,None,None,None,None,None
All Manufacturing,Bove A.; Tulliani J.-M.; Galati M.; Calignano F.,Investigation of the influence of process parameters on dimensional accuracy and post-sintering crack formation in ceramic 3D printing for porcelain-based commercial resins,2022,0,Full Factorial,ANOVA,42,None,None,None,Yes,Yes
All Manufacturing,"Loginov Y.N.; Koptyug A.; Popov V.V., Jr.; Belikov S.V.; Mukanov G.; Golodnov A.I.; Stepanov S.I.",Compression deformation and fracture behavior of additively manufactured TiÃ¢â‚¬â€œ6AlÃ¢â‚¬â€œ4V cellular structures,2022,7,Single Value,Descriptive,1,None,None,None,None,None
All Manufacturing,Weeks J.S.; Ravichandran G.,High strain-rate compression behavior of polymeric rod and plate Kelvin lattice structures,2022,11,Single-Factor,Descriptive,8,None,None,None,None,None
All Manufacturing,Lalegani Dezaki M.; Ariffin M.K.A.M.; Appalanaidoo D.; Wahid Z.; Rage A.M.,3D printed objectÃ¢â‚¬â„¢s strength-to-weight ratio analysis for M3 liquid material,2022,3,Single-Factor,ANOVA,3,None,None,None,None,None
All Manufacturing,Valori M.; Rebaioli L.; Marrocco V.; Modica F.; Bonelli F.; Pascazio G.; Portosi V.; Prudenzano F.; Fasano A.; Lampignano V.; Fassi I.,Manufacturing challenges and technological solutions for microwave ablation (MWA) probe prototyping,2023,0,Single-Factor,Descriptive,3,None,None,None,None,None
All Manufacturing,Law A.C.C.; Wang R.; Chung J.; Kucukdeger E.; Liu Y.; Barron T.; Johnson B.N.; Kong Z.,Process parameter optimization for reproducible fabrication of layer porosity quality of 3D-printed tissue scaffold,2023,1,Full Factorial,ANOVA,28,None,Yes,None,Yes,None
All Manufacturing,Liu X.; Han J.-K.; Onuki Y.; Kuzminova Y.O.; Evlashin S.A.; Kawasaki M.; Liss K.-D.,In Situ Neutron Diffraction Investigating Microstructure and Texture Evolution upon Heating of Nanostructured CoCrFeNi High-Entropy Alloy,2023,1,Full Factorial,Linear Regression,26,None,None,None,None,None
All Manufacturing,Abdelall E.S.; Hayajneh M.; Almomani M.,Fabrication of functionally graded injection molds using friction stir molding process of AA5083/brass-laminated composite,2023,0,Full Factorial,ANOVA,16,None,None,None,None,None
All Manufacturing,Deng X.; Li Z.; Wang X.; Shi F.; Tang K.,A new visual-guided and partition-based multi-setup 3D printing system,2023,0,Repeated Trials,Descriptive,4,None,None,None,None,None
All Manufacturing,Zhao D.; Han Y.; Zhu G.; Guo W.,Dimension synthesis of a 2T2R curved layer FDM 3D printer,2023,0,Repeated Trials,Descriptive,3,None,None,None,None,None
All Manufacturing,Xiang H.; Chen G.; Zhao W.; Wu C.,Densification Behavior and Build Quality of Duplex Stainless Steel Fabricated by Laser Powder Bed Fusion,2023,0,Single-Factor,Descriptive,12,None,None,None,None,None
All Manufacturing,Liu Y.; Lu J.; Xue W.; Zhang Z.; Zhu H.; Xu K.; Wu Y.; Wang B.; Lei W.,A strategy for fabricating multi-level micro-nano superamphiphobic surfaces by laser-electrochemistry subtractive-additive hybrid manufacturing method,2023,0,Fractional Factorial,Descriptive,25,None,None,None,None,None
Powder Bed,Weber J.; Wain A.J.; Piili H.; Matilainen V.-P.; Vuorema A.; Attard G.A.; Marken F.,Residual Porosity of 3D-LAM-Printed Stainless-Steel Electrodes Allows Galvanic Exchange Platinisation,2016,8,Single Value,Descriptive,1,None,None,None,None,None
Powder Bed,Khairallah S.A.; Anderson A.T.; Rubenchik A.; King W.E.,"Laser powder-bed fusion additive manufacturing: Physics of complex melt flow and formation mechanisms of pores, spatter, and denudation zones",2016,1588,Single Value,Descriptive,1,None,None,None,None,None
Powder Bed,Basak A.; Acharya R.; Das S.,"Additive Manufacturing of Single-Crystal Superalloy CMSX-4 Through Scanning Laser Epitaxy: Computational Modeling, Experimental Process Development, and Process Parameter Optimization",2016,77,Full Factorial,Regression,24,None,None,None,None,None
Powder Bed,Kumar S.; Czekanski A.,Optimization of parameters for SLS of WC-Co,2017,31,Full Factorial,Descriptive,49,None,None,None,None,None
Powder Bed,Mohammad A.; Al-Ahmari A.M.; Balla V.K.; Das M.; Datta S.; Yadav D.; Janaki Ram G.D.,"In vitro wear, corrosion and biocompatibility of electron beam melted ÃŽÂ³-TiAl",2017,18,Single-Factor,Descriptive,3,None,None,None,None,None
Powder Bed,Yap C.Y.; Tan H.K.; Du Z.; Chua C.K.; Dong Z.,Selective laser melting of nickel powder,2017,28,Full Factorial,ANOVA,16,None,None,None,None,None
Powder Bed,Ly S.; Rubenchik A.M.; Khairallah S.A.; Guss G.; Matthews M.J.,Metal vapor micro-jet controls material redistribution in laser powder bed fusion additive manufacturing,2017,301,Other,Descriptive,37,None,None,None,None,None
Powder Bed,Buchanan C.; Matilainen V.-P.; Salminen A.; Gardner L.,Structural performance of additive manufactured metallic material andÃ‚ cross-sections,2017,79,Single-Factor,Regression,13,None,None,None,None,None
Powder Bed,Scipioni Bertoli U.; Wolfer A.J.; Matthews M.J.; Delplanque J.-P.R.; Schoenung J.M.,On the limitations of Volumetric Energy Density as a design parameter for Selective Laser Melting,2017,429,Full Factorial,Descriptive,30,None,None,None,None,None
Powder Bed,Promoppatum P.; Yao S.-C.; Pistorius P.C.; Rollett A.D.,A Comprehensive Comparison of the Analytical and Numerical Prediction of the Thermal History and Solidification Microstructure of Inconel 718 Products Made by Laser Powder-Bed Fusion,2017,131,Full Factorial,ANOVA,27,None,Yes,None,None,None
Powder Bed,Ituarte I.F.; Wiikinkoski O.; Jansson A.,Additive manufacturing of polypropylene: A screening design of experiment using laser-based powder bed fusion,2018,26,Full Factorial,ANOVA,27,None,Yes,None,None,None
Powder Bed,Cheng B.; Lane B.; Whiting J.; Chou K.,A Combined Experimental-Numerical Method to Evaluate Powder Thermal Properties in Laser Powder Bed Fusion,2018,18,Single-Factor,Descriptive ,2,None,None,None,None,None
Powder Bed,Mahmoudi M.; Tapia G.; Karayagiz K.; Franco B.; Ma J.; Arroyave R.; Karaman I.; Elwany A.,Multivariate Calibration and Experimental Validation of a 3D Finite Element Thermal Model for Laser Powder Bed Fusion Metal Additive Manufacturing,2018,32,Single Value,Baysian ,1,None,Yes,None,None,None
Powder Bed,Tapia G.; Khairallah S.; Matthews M.; King W.E.; Elwany A.,Gaussian process-based surrogate modeling framework for process planning in laser powder-bed fusion additive manufacturing of 316L stainless steel,2018,136,Randomly Chosen,Baysian ,73,Yes,Yes,Yes,None,None
Powder Bed,Robinson J.; Ashton I.; Fox P.; Jones E.; Sutcliffe C.,Determination of the effect of scan strategy on residual stress in laser powder bed fusion additive manufacturing,2018,124,Full Factorial,ANOVA,28,None,None,None,Yes,None
Powder Bed,Ledford C.; Rock C.; Carriere P.; Frigola P.; Gamzina D.; Horn T.,Characteristics and processing of hydrogen-treated copper powders for EB-PBF additive manufacturing,2019,22,Full Factorial,Regression,198,None,None,None,None,None
Powder Bed,Jiang H.-Z.; Li Z.-Y.; Feng T.; Wu P.-Y.; Chen Q.-S.; Feng Y.-L.; Li S.-W.; Gao H.; Xu H.-J.,Factor analysis of selective laser melting process parameters with normalised quantities and Taguchi method,2019,33,Taguchi,ANOVA,27,None,None,Yes,Yes,None
Powder Bed,Schwalbach E.J.; Donegan S.P.; Chapman M.G.; Chaput K.J.; Groeber M.A.,A discrete source model of powder bed fusion additive manufacturing thermal history,2019,54,Full Factorial,Regression,11,None,None,None,None,None
Powder Bed,Drummer D.; Greiner S.; Zhao M.; Wudy K.,A novel approach for understanding laser sintering of polymers,2019,37,Full Factorial,Descriptive,15,None,None,None,None,None
Powder Bed,AlFaify A.; Hughes J.; Ridgway K.,Controlling the porosity of 316L stainless steel parts manufactured via the powder bed fusion process,2019,23,Central Composite,Regression,31,None,None,Yes,Yes,Yes
Powder Bed,Tilton M.; Lewis G.S.; Bok Wee H.; Armstrong A.; Hast M.W.; Manogharan G.,"Additive manufacturing of fracture fixation implants: Design, material characterization, biomechanical modeling and experimentation",2020,34,Single-Factor,Confidence Interval,15,None,None,None,None,None
Powder Bed,Griffiths S.; Ghasemi Tabasi H.; Ivas T.; Maeder X.; De Luca A.; Zweiacker K.; WrÃƒÂ³bel R.; Jhabvala J.; LogÃƒÂ© R.E.; Leinenbach C.,Combining alloy and process modification for micro-crack mitigation in an additively manufactured Ni-base superalloy,2020,67,Single-Factor,Descriptive,6,None,None,None,None,None
Powder Bed,Soylemez E.,High deposition rate approach of selective laser melting through defocused single bead experiments and thermal finite element analysis for Ti-6Al-4V,2020,29,Fractional Factorial,Regression,24,None,None,None,None,None
Powder Bed,Zhao Y.; Aoyagi K.; Yamanaka K.; Chiba A.,Role of operating and environmental conditions in determining molten pool dynamics during electron beam melting and selective laser melting,2020,35,Single-Factor,Descriptive,3,None,None,None,None,None
Powder Bed,Luo Z.; Zhao Y.,Efficient thermal finite element modeling of selective laser melting of Inconel 718,2020,26,Single-Factor,Descriptive,2,None,None,None,None,None
Powder Bed,Calignano F.; Giuffrida F.; Galati M.,Effect of the build orientation on the mechanical performance of polymeric parts produced by multi jet fusion and selective laser sintering,2021,17,Single-Factor,Descriptive,45,None,None,None,Yes,None
Powder Bed,de Oliveira A.R.; de Oliveira V.F.; Teixeira J.C.; Del Conte E.G.,Investigation of the build orientation effect on magnetic properties and Barkhausen Noise of additively manufactured maraging steel 300,2021,13,Full Factorial,ANOVA,300,None,Yes,None,None,None
Powder Bed,Zhang B.; Seede R.; Xue L.; Atli K.C.; Zhang C.; Whitt A.; Karaman I.; Arroyave R.; Elwany A.,An efficient framework for printability assessment in Laser Powder Bed Fusion metal additive manufacturing,2021,19,Other,Regression,15,None,Yes,None,None,Yes
Powder Bed,Weaver J.S.; Pintar A.L.; Beauchamp C.; Joress H.; Moon K.-W.; Phan T.Q.,Demonstration of a laser powder bed fusion combinatorial sample for high-throughput microstructure and indentation characterization,2021,4,Full Factorial,ANOVA,24,None,Yes,None,Yes,None
Powder Bed,Zhang J.; Li B.,The Influence of Laser Powder Bed Fusion (L-PBF) Process Parameters on 3D-Printed Quality and StressÃ¢â‚¬â€œStrain Behavior of High-Entropy Alloy (HEA) Rod-Lattices,2022,0,Full Factorial,Regression,100,None,None,None,Yes,None
Powder Bed,Laskowski R.; Ahluwalia R.; Hock G.T.W.; Ying C.S.; Sun C.-N.; Wang P.; Cheh D.T.C.; Sharon N.M.L.; Vastola G.; Zhang Y.-W.,Concurrent modeling of porosity and microstructure in multilayer three-dimensional simulations of powder-bed fusion additive manufacturing of INCONEL 718,2022,1,Full Factorial,Descriptive,21,None,None,None,None,None
Powder Bed,Maulet T.; Gimenez J.; DemÃƒÂ© F.; Alcouffe P.; Vera R.; BarrÃƒÂ¨s C.; Fulchiron R.,Effect of self-nucleation on the crystallization kinetics and the microstructure of polypropylene parts manufactured by Laser Powder Bed Fusion,2022,0,Full Factorial,Regression,12,None,Yes,None,None,None
Powder Bed,Ferchow J.; KÃƒÂ¤lin D.; Englberger G.; SchlÃƒÂ¼ssel M.; Klahn C.; Meboldt M.,Design and validation of integrated clamping interfaces for post-processing and robotic handling in additive manufacturing,2022,2,Full Factorial,Confidence Interval,8,None,None,None,Yes,None
Powder Bed,NeuhÃƒÂ¤userovÃƒÂ¡ M.; Koudelka P.; FÃƒÂ­la T.; Falta J.; Rada V.; Ã… leichrt J.; ZlÃƒÂ¡mal P.; Mauko A.; JirouÃ…Â¡ek O.,Strain Rate-Dependent Compressive Properties of Bulk Cylindrical 3D-Printed Samples from 316L Stainless Steel,2022,0,Single-Factor,Descriptive,21,None,None,None,None,None
Powder Bed,Davis T.; Nelson T.W.; Crane N.B.,Impact of zirconia slurry in steel powder on melt pool characteristics in laser powder bed fusion,2023,0,Randomly Chosen,ANOVA,103,None,None,None,None,None
Powder Bed,He C.; Ramani K.S.; Okwudire C.E.,An intelligent scanning strategy (SmartScan) for improved part quality in multi-laser PBF additive manufacturing,2023,0,Single-Factor,Descriptive,4,None,None,None,None,None
Powder Bed,Narra S.P.; Rollett A.D.; Ngo A.; Scannapieco D.; Shahabi M.; Reddy T.; Pauza J.; Taylor H.; Gobert C.; Diewald E.; Dugast F.X.; To A.; Wicker R.; Beuth J.; Lewandowski J.J.,Process qualification of laser powder bed fusion based on processing-defect structure-fatigue properties in Ti-6Al-4V,2023,2,Optimal Search,Descriptive,7,None,None,None,None,None
Powder Bed,Heydari Astaraee A.; Bagherifard S.; Rajme LÃƒÂ³pez E.A.; Guagliano M.,Adapting Shot Peening for Surface Texturing Using Customized Additive Manufactured Shots,2023,0,Single-Factor,Descriptive,21,None,None,None,None,None
Powder Bed,Yao L.; Xiao Z.; Ramesh A.; Zhang Y.,On the melt pool flow and interface shape of dissimilar alloys via selective laser melting,2023,0,Full Factorial,Descriptive,11,None,None,None,None,None
Powder Bed,Zhang Z.; Liu A.; Fan J.; Wang M.; Dai J.; Jin X.; Deng H.; Wang X.; Liang Y.; Li H.; Zhao Y.; Wen P.; Li Y.,A drug-loaded composite coating to improve osteogenic and antibacterial properties of ZnÃ¢â‚¬â€œ1Mg porous scaffolds as biodegradable bone implants,2023,0,Single-Factor,ANOVA,40,None,None,None,None,None
Powder Bed,Agyapong J.; Czekanski A.; Boakye-Yiadom S.,"Effect of Process Parameters on Part Quality, Microstructure, and Mechanical Properties of a WC-Co-Hexagonal Boron Nitride Alloy Prepared by Laser Power Bed Fusion Process",2023,0,Full Factorial,Descriptive,27,None,None,None,None,None
Powder Bed,Yim S.; Aoyagi K.; Yanagihara K.; Bian H.; Chiba A.,Effect of mechanical ball milling on the electrical and powder bed properties of gas-atomized TiÃ¢â‚¬â€œ48AlÃ¢â‚¬â€œ2CrÃ¢â‚¬â€œ2Nb and elucidation of the smoke mechanism in the powder bed fusion electron beam melting process,2023,10,Single-Factor,Descriptive,4,None,None,None,None,None
Powder Bed,Li H.; Brodie E.G.; Hutchinson C.,Predicting the chemical homogeneity in laser powder bed fusion (LPBF) of mixed powders after remelting,2023,1,Full Factorial,Descriptive,28,None,None,None,None,None
All Manufacturing,Johnson C.M.; Howell J.T.; Mettenburg D.J.; Rueggeberg F.A.; Howell R.J.; Postma G.N.; Weinberger P.M.,Mechanical Modeling of the Human Cricoid Cartilage Using Computer-Aided Design: Applications in Airway Balloon Dilation Research,2016,11,Other,T-Test ,26,None,None,None,None,None
All Manufacturing,Yang Y.; Chen Y.; Wei Y.; Li Y.,Novel design and three-dimensional printing of variable stiffness robotic grippers,2016,52,Full Factorial,Descriptive,48,None,None,None,None,None
All Manufacturing,Jiang Q.; Feng X.; Song L.; Gong Y.; Zheng H.; Cui J.,Modeling rock specimens through 3D printing: Tentative experiments and prospects,2016,82,Repeated Measures,Descriptive,3,None,None,None,None,None
All Manufacturing,Moylan S.; Brown C.U.; Slotwinski J.,Recommended protocol for round-robin studies in additive manufacturing,2016,16,Full Factorial,ANOVA,152,None,None,None,None,None
All Manufacturing,Lee S.-H.; Cho Y.S.; Hong M.W.; Lee B.-K.; Park Y.; Park S.-H.; Kim Y.Y.; Cho Y.-S.,Mechanical properties and cell-culture characteristics of a polycaprolactone kagome-structure scaffold fabricated by a precision extruding deposition system,2017,20,Single Factor,ANOVA,15,None,None,Yes,None,None
All Manufacturing,MonzÃƒÂ³n M.D.; Paz R.; Pei E.; Ortega F.; SuÃƒÂ¡rez L.A.; Ortega Z.; AlemÃƒÂ¡n M.E.; Plucinski T.; Clow N.,4D printing: processability and measurement of recovery force in shape memory polymers,2017,71,Full Factorial,Descriptive,30,None,None,None,None,None
All Manufacturing,Hernandez R.N.; Singh H.; Messimer S.L.; Patterson A.E.,Design and performance of modular 3-D printed solid-propellant rocket airframes,2017,7,Full Factorial,ANOVA,4,None,Yes,None,None,None
All Manufacturing,Vizvary Z.; Bourdel B.; Garcia-Carrasco A.; Lam N.; Leipold F.; Pitts R.A.; Reichle R.; Riccardo V.; Rubel M.; De Temmerman G.; Thompson V.; Widdowson A.,Engineering design and analysis of an ITER-like first mirror test assembly on JET,2017,5,Single Factor,Descriptive,10,None,None,None,None,None
All Manufacturing,Wang X.W.; Ho J.Y.; Leong K.C.,An experimental investigation of single droplet impact cooling on hot enhanced surfaces fabricated by selective laser melting,2018,17,Full Factorial,Descriptive,18,None,None,None,None,None
All Manufacturing,Taylor G.; Wang X.; Mason L.; Leu M.C.; Chandrashekhara K.; Schniepp T.; Jones R.,Flexural behavior of additively manufactured Ultem 1010: experiment and simulation,2018,19,Full Factorial,ANOVA,16,None,Yes,None,Yes,None
All Manufacturing,Wei Q.; Wang R.-N.; Xu Q.-Y.; Liu B.-C.,Effects of process parameters on dimensional precision and tensile strength of wax patterns for investment casting by selective laser sintering,2018,4,Fractional Factorial,Descriptive,9,None,None,None,None,None
All Manufacturing,Chen H.; Wei Q.; Zhang Y.; Chen F.; Shi Y.; Yan W.,Powder-spreading mechanisms in powder-bed-based additive manufacturing: Experiments and computational modeling,2019,151,Full Factorial,Descriptive,9,None,None,None,None,None
All Manufacturing,Jansari T.; Deiab I.,Comparative study of a topologically optimized lower limb prosthesis,2019,3,Single Factor,Descriptive,3,None,None,None,None,None
All Manufacturing,Ming W.; Chen J.; An Q.; Chen M.,Dynamic mechanical properties and machinability characteristics of selective laser melted and forged Ti6Al4V,2019,43,Full Factorial,Descriptive,30,None,None,None,None,None
All Manufacturing,MÃƒÂ¼nstedt H.,Recoverable extensional flow of polymer melts and its relevance for processing,2020,4,Full Factorial,Regression,35,None,None,None,None,None
All Manufacturing,Singh S.; Singh R.,"Mechanical characterization and comparison of additive manufactured ABS, PolyflexÃ¢â€žÂ¢ and ABS/PolyflexÃ¢â€žÂ¢ blended functional prototypes",2020,11,Taguchi,Regression,18,None,None,Yes,None,None
All Manufacturing,Mohebbi M.S.; KÃƒÂ¼hl M.; Ploshikhin V.,A thermo-capillary-gravity model for geometrical analysis of single-bead wire and arc additive manufacturing (WAAM),2020,7,Single Factor,Regression,4,None,None,None,None,None
All Manufacturing,Griffiths S.; Croteau J.R.; Rossell M.D.; Erni R.; De Luca A.; Vo N.Q.; Dunand D.C.; Leinenbach C.,Coarsening- and creep resistance of precipitation-strengthened AlÃ¢â‚¬â€œMgÃ¢â‚¬â€œZr alloys processed by selective laser melting,2020,62,Full Factorial,Descriptive,18,None,None,None,None,None
All Manufacturing,Singh P.; Balla V.K.; Atre S.V.; German R.M.; Kate K.H.,Factors affecting properties of Ti-6Al-4V alloy additive manufactured by metal fused filament fabrication,2021,19,Taguchi ,ANOVA,9,None,None,None,None,None
All Manufacturing,Fisher C.; Warmack B.J.; Yu Y.; Skolrood L.N.; Li K.; Joshi P.C.; Saito T.; Aytug T.,"All-aerosol-jet-printed highly sensitive and selective polyaniline-based ammonia sensors: a route toward low-cost, low-power gas detection",2021,10,Single Factor,Regression,7,None,Yes,None,None,None
All Manufacturing,Phillips B.J.; Jacob Williamson C.; Kinser R.P.; Brian Jordon J.; Doherty K.J.; Allison P.G.,Microstructural and mechanical characterization of additive friction stir-deposition of aluminum alloy 5083 effect of lubrication on material anisotropy,2021,8,Fractional Factorial,Regression,9,None,None,None,None,None
Powder Bed,Zhao C.; Fezzaa K.; Cunningham R.W.; Wen H.; De Carlo F.; Chen L.; Rollett A.D.; Sun T.,Real-time monitoring of laser powder bed fusion process using high-speed X-ray imaging and diffraction,2017,470,Full Factorial,Descriptive,4,None,None,None,None,None
Powder Bed,Scipioni Bertoli U.; Guss G.; Wu S.; Matthews M.J.; Schoenung J.M.,In-situ characterization of laser-powder interaction and cooling rates through high-speed imaging of powder bed fusion additive manufacturing,2017,235,Optimal Search,Descriptive,15,None,None,None,None,None
Powder Bed,Del Re F.; Contaldi V.; Astarita A.; Palumbo B.; Squillace A.; Corrado P.; Di Petta P.,Statistical approach for assessing the effect of powder reuse on the final quality of AlSi10Mg parts produced by laser powder bed fusion additive manufacturing,2018,45,Full Factorial,Regression,36,None,Yes,Yes,None,None
Powder Bed,Peng H.; Ghasri-Khouzani M.; Gong S.; Attardo R.; Ostiguy P.; Rogge R.B.; Gatrell B.A.; Budzinski J.; Tomonto C.; Neidig J.; Shankar M.R.; Billo R.; Go D.B.; Hoelzle D.,"Fast prediction of thermal distortion in metal powder bed fusion additive manufacturing: Part 2, a quasi-static thermo-mechanical model",2018,30,OFAT,Descriptive,90,None,None,None,None,None
Powder Bed,Khanzadeh M.; Chowdhury S.; Marufuzzaman M.; Tschopp M.A.; Bian L.,Porosity prediction: Supervised-learning of thermal history for direct laser deposition,2018,160,Single Value,Machine Learning,1,None,Yes,Yes,None,None
Powder Bed,Fox J.C.,Variation of surface topography in laser powder bed fusion additive manufacturing of nickel super alloy 625,2019,6,Full Factorial,Descriptive,9,None,None,None,None,None
Powder Bed,Newton L.; Senin N.; Gomez C.; Danzl R.; Helmli F.; Blunt L.; Leach R.,Areal topography measurement of metal additive surfaces using focus variation microscopy,2019,67,Other,Descriptive,4,None,None,None,None,None
Powder Bed,Ancellotti S.; Fontanari V.; Molinari A.; Iacob E.; Bellutti P.; Luchin V.; Zappini G.; Benedetti M.,Numerical/experimental strategies to infer enhanced liquid thermal conductivity and roughness in laser powder-bed fusion processes,2019,9,Full Factorial,Regression,27,None,None,None,None,None
Powder Bed,Letenneur M.; Kreitcberg A.; Brailovski V.,Optimization of laser powder bed fusion processing using a combination of melt pool modeling and design of experiment approaches: Density control,2019,51,Full Factorial,Regression,38,None,None,None,None,None
Powder Bed,Tilita G.-A.; Chen W.; Ma R.; Kwan C.C.F.; Yuen M.,Effect of ultrasonic excitation on the process of L-PBFAM,2020,2,Taguchi ,ANOVA,9,None,Yes,None,None,None
Powder Bed,Yeung H.; Lane B.,A residual heat compensation based scan strategy for powder bed fusion additive manufacturing,2020,20,Full Factorial,Descriptive,55,None,None,None,None,None
Powder Bed,Lane B.; Heigel J.; Ricker R.; Zhirnov I.; Khromschenko V.; Weaver J.; Phan T.; Stoudt M.; Mekhontsev S.; Levine L.,Measurements of Melt Pool Geometry and Cooling Rates of Individual Laser Traces on IN625 Bare Plates,2020,41,Optimal Search,Regression,29,None,None,None,None,None
Powder Bed,Ahsan F.; Ladani L.,"Temperature Profile, Bead Geometry, and Elemental Evaporation in Laser Powder Bed Fusion Additive Manufacturing Process",2020,32,Single Factor,Descriptive,3,None,None,None,None,None
Powder Bed,El Hassanin A.; Silvestri A.T.; Napolitano F.; Scherillo F.; Caraviello A.; Borrelli D.; Astarita A.,Laser-powder bed fusion of pre-mixed Inconel718-Cu powders: An experimental study,2021,8,Fractional Factorial,Descriptive,105,None,None,None,Yes,None
Powder Bed,Isaac J.P.; Lee S.; Shamsaei N.; Tippur H.V.,Dynamic fracture behavior of additively manufactured Scalmalloy,2021,13,Single Factor,Descriptive,4,None,None,None,None,None
Powder Bed,Jakumeit J.; Zheng G.; Laqua R.; Clark S.J.; Zielinski J.; Schleifenbaum J.H.; Lee P.D.,Modelling the complex evaporated gas flow and its impact on particle spattering during laser powder bed fusion,2021,11,Full Factorial,Regression,20,None,Yes,None,None,None
Powder Bed,Reith M.; Breuning C.; Franke M.; KÃƒÂ¶rner C.,Impact of the Power-Dependent Beam Diameter during Electron Beam Additive Manufacturing: A Case Study with ÃŽÂ³-TiAl,2022,2,Single Factor,Regression,11,None,None,None,None,None
Powder Bed,Amir B.; Gale Y.; Sadot A.; Samuha S.; Sadot O.,Study on the effects of manufacturing parameters on the dynamic properties of AlSi10Mg under dynamic loads using Taguchi procedure,2022,1,Taguchi,ANOVA,27,None,Yes,Yes,Yes,Yes
Powder Bed,Wang R.; Gu D.; Lin K.; Chen C.; Ge Q.; Li D.,Multi-material additive manufacturing of a bio-inspired layered ceramic/metal structure: Formation mechanisms and mechanical properties,2022,10,Full Factorial,Descriptive,30,Power,None,None,None,None
Powder Bed,Ruan G.; Liu C.; Qu H.; Guo C.; Li G.; Li X.; Zhu Q.,A comparative study on laser powder bed fusion of IN718 powders produced by gas atomization and plasma rotating electrode process,2022,5,Full Factorial,Regression,21,None,None,None,None,None
All Manufacturing,Siegel J.E.; Erb D.C.; Ehrenberg I.M.; Jain P.; Sarma S.E.,Local Viscosity Control Printing for High-Throughput Additive Manufacturing of Polymers,2016,5,Single Factor,Descriptive ,6,None,None,None,None,None
All Manufacturing,Griffiths C.A.; Howarth J.; De Almeida-Rowbotham G.; Rees A.; Kerton R.,A design of experiments approach for the optimisation of energy and waste during the production of parts manufactured by 3D printing,2016,93,Taguchi,ANOVA,320,None,None,Pareto,Yes,None
All Manufacturing,Yan M.; Zhou C.; Tian X.; Peng G.; Cao Y.; Li D.,Design and Selective Laser Sintering of complex porous polyamide mould for pressure slip casting,2016,13,Repeated Trials,Descriptive,5,None,None,Yes,None,None
All Manufacturing,Kumar M.N.; Venkatesh S.; Hussain M.M.,Experimental investigation on influence of process parameters in selective laser sintering on roundness using taguchi medthod,2017,5,Taguchi,Regression,9,None,Yes,Yes,None,None
All Manufacturing,Bailey C.; Aguilera E.; Espalin D.; Motta J.; Fernandez A.; Perez M.A.; Dibiasio C.; Pryputniewicz D.; MacDonald E.; Wicker R.B.,Augmenting computer-aided design software with multi-functional capabilities to automate multi-process additive manufacturing,2017,13,Single Value,Descriptive ,1,None,None,None,None,None
All Manufacturing,Scipioni Bertoli U.; Guss G.; Wu S.; Matthews M.J.; Schoenung J.M.,In-situ characterization of laser-powder interaction and cooling rates through high-speed imaging of powder bed fusion additive manufacturing,2017,242,Other,Descriptive,15,None,None,None,None,None
All Manufacturing,Domingo-Espin M.; Travieso-Rodriguez J.A.; Jerez-Mesa R.; Lluma-Fuentes J.,Fatigue performance of ABS specimens obtained by fused filament fabrication,2018,43,Taguchi,ANOVA,27,None,None,Yes,None,None
All Manufacturing,Maamoun A.H.; Xue Y.F.; Elbestawi M.A.; Veldhuis S.C.,The effect of selective laser melting process parameters on the microstructure and mechanical properties of Al6061 and AlSi10Mg alloys,2018,91,OFAT,Regression,8,None,Yes,None,None,None
All Manufacturing,Kan W.; Chen B.; Jin C.; Peng H.; Lin J.,Microstructure and mechanical properties of a high Nb-TiAl alloy fabricated by electron beam melting,2018,57,OFAT,Descriptive ,10,None,None,None,None,None
All Manufacturing,Han Q.; Gu H.; Soe S.; Setchi R.; Lacan F.; Hill J.,Manufacturability of AlSi10Mg overhang structures fabricated by laser powder bed fusion,2018,99,Single Factor,Descriptive,4,None,None,None,None,None
All Manufacturing,Sun Q.; Sang H.; Liu Y.; Feng J.,Cross section scan trace planning based on arc additive manufacturing,2019,4,Full Factorial,Regression,16,None,None,None,None,None
All Manufacturing,Lee C.; Greenhalgh E.S.; Shaffer M.S.P.; Panesar A.,Optimized microstructures for multifunctional structural electrolytes,2019,11,Single Factor,Descriptive,5,None,None,Yes,None,None
All Manufacturing,Mohammadian N.; Turenne S.; Brailovski V.,Electropolishing of laser powder bed-fused IN625 components in an ionic electrolyte,2019,12,Fractional Factorial,Descriptive,8,None,None,None,None,None
All Manufacturing,Li H.; Ramezani M.; Chen Z.W.,Dry sliding wear performance and behaviour of powder bed fusion processed Tiâ€“6Alâ€“4V alloy,2019,22,Full Factorial,Regression,27,None,None,None,None,None
All Manufacturing,MarroquÃ­n-FandiÃ±o J.E.; RamÃ­rez-Acosta C.M.; Luna-Wandurraga H.J.; Valderrama-RincÃ³n J.A.; Cruz J.C.; Reyes L.H.; Valderrama-Rincon J.D.,"Novel external-loop-airlift milliliter scale bioreactors for cell growth studies: Low cost design, CFD analysis and experimental characterization",2020,5,Full Factorial,Regression,36,None,Yes,None,None,None
All Manufacturing,Yang N.; Deng Y.; Mao Z.; Wang S.; Niu X.; Wu N.,Cross-like lattices with tailorable mechanical properties,2020,2,Single Factor,Descriptive,4,None,None,None,None,None
All Manufacturing,Laghi V.; Palermo M.; Gasparini G.; Veljkovic M.; Trombetti T.,Assessment of design mechanical parameters and partial safety factors for Wire-and-Arc Additive Manufactured stainless steel,2020,20,Single Factor,Distribution Fitting,30,Yes,Yes,Yes,None,None
All Manufacturing,Zhuo Y.; Yang C.; Fan C.; Lin S.,Grain morphology evolution mechanism of titanium alloy by the combination of pulsed arc and solution element during wire arc additive manufacturing,2021,6,Single Factor,Descriptive,4,None,None,None,None,None
All Manufacturing,Zhang S.; Hou P.; Mooraj S.; Chen W.,Printability of Zr41.2Ti13.8Cu12.5Ni10.0Be22.5 metallic glass on steel by laser additive manufacturing: A single-track study,2021,3,Full Factorial,Descriptive,47,None,None,None,None,None
All Manufacturing,Gornushkin I.B.; Pignatelli G.; StraÃŸe A.,Optical detection of defects during laser metal deposition: Simulations and experiment,2021,5,Full Factorial,Descriptive,16,None,Yes,None,None,None
All Manufacturing,Li C.; Chen F.; Ge G.; Lin J.; Sun Z.; Fan M.; Huang P.; Tang X.,Impact of sub-grain structure on radiation resistance in additively manufactured 316L stainless steels: An atomic insight into the mechanism,2022,2,Single Factor,Descriptive,3,None,None,None,None,None
All Manufacturing,Chung K.-Y.; Halwachs K.N.; Lu P.; Sun K.; Silva H.A.; Rosales A.M.; Page Z.A.,Rapid hydrogel formation via tandem visible light photouncaging and bioorthogonal ligation,2022,3,Single Factor,Descriptive,4,None,None,None,None,None
All Manufacturing,Pan T.; Guo R.; Jiang Y.; Ji X.; Qi R.,Flow and deformation behaviors of cementitious materials through nozzles with different geometric parameters: Experimental and numerical approaches,2022,1,Full Factorial,Regression,16,None,Yes,Yes,None,None
All Manufacturing,Li P.; Chen Y.; Liu X.; Wang X.H.; Chen F.R.; Qi Z.X.; Zheng G.; Xiang H.G.; Chen G.,Strengthening in gradient TiAl alloys,2023,0,Single Factor,Descriptive,3,None,None,None,None,None
All Manufacturing,Mizukami K.; Imanishi R.; Matsushita H.; Koga Y.,Design and additive manufacturing of elastic metamaterials with 3D lever-type inertial amplification mechanisms for mitigation of low-frequency vibration,2023,0,Single Factor,Descriptive,4,None,None,None,None,None
All Manufacturing,Schaal H.; Castany P.; Laheurte P.; Gloriant T.,Design of a low Young's modulus Ti-Zr-Nb-Sn biocompatible alloy by in situ laser powder bed fusion additive manufacturing process,2023,0,Other,Descriptive ,6,None,None,None,None,None
All Manufacturing,Montazeri A.; Bahmanpour E.; Safarabadi M.,A Poisson's ratio sign-switching mechanical metamaterial with tunable stiffness,2023,1,Repeated Trials,Descrpitive ,4,None,None,None,None,None
Powder Bed,Fedorikova A.; Hudak R.; Zivcak J.; Bidulsky R.; Petrousek P.; Bidulska J.; Kocisko R.; Rajtukova V.,Mechanical properties of powder CoCrW-alloy prepared by am technology,2016,7,OFAT,ANOVA,10,Yes,None,None,None,Yes
Powder Bed,Gan M.X.; Wong C.H.,Practical support structures for selective laser melting,2016,128,Full Factorial,Descrpitive ,18,None,None,None,None,None
Powder Bed,Nasr Esfahani S.; Taheri Andani M.; Shayesteh Moghaddam N.; Mirzaeifar R.; Elahinia M.,"Independent tuning of stiffness and toughness of additively manufactured titanium-polymer composites: Simulation, fabrication, and experimental studies",2016,24,Single Factor,Descriptive,9,None,None,None,None,None
Powder Bed,Darvish K.; Chen Z.W.; Pasang T.,Reducing lack of fusion during selective laser melting of CoCrMo alloy: Effect of laser power on geometrical features of tracks,2016,123,Single Factor,Descriptive,20,None,None,None,None,None
Powder Bed,Pauly S.; Schricker C.; Scudino S.; Deng L.; KÃ¼hn U.,Processing a glass-forming Zr-based alloy by selective laser melting,2017,93,Full Factorial,Descriptive,60,None,None,None,None,None
Powder Bed,Scipioni Bertoli U.; Guss G.; Wu S.; Matthews M.J.; Schoenung J.M.,In-situ characterization of laser-powder interaction and cooling rates through high-speed imaging of powder bed fusion additive manufacturing,2017,242,Other,Descriptive,15,None,None,None,None,None
Powder Bed,Cui H.; Yan Q.; Wang X.; Bi S.; Wang X.,Assessment of failure analysis method for the bolted structure between selective laser melting aluminum plate and CFRP composite laminate.,2017,4,Fractional Factorial,ANOVA,32,Yes,None,Yes,Yes,Yes
Powder Bed,Cacace S.; Semeraro Q.,About Fluence and Process Parameters on Maraging Steel Processed by Selective Laser Melting: Do They Convey the Same Information?,2018,12,Full Factorial,Regression,17,Yes,Yes,Yes,Yes,None
Powder Bed,Maamoun A.H.; Xue Y.F.; Elbestawi M.A.; Veldhuis S.C.,The effect of selective laser melting process parameters on the microstructure and mechanical properties of Al6061 and AlSi10Mg alloys,2018,91,OFAT,Regression,8,None,Yes,None,None,None
Powder Bed,Yoozbashizadeh M.; Yavari P.; Khoshnevis B.,Novel method for additive manufacturing of metal-matrix composite by thermal decomposition of salts,2018,8,Full Factorial,Regression,8,None,None,Yes,None,None
Powder Bed,Zhang X.; Kang J.; Rong Y.; Wu P.; Feng T.,Effect of scanning routes on the stress and deformation of overhang structures fabricated by SLM,2018,17,Single Factor,Descriptive ,3,None,None,None,None,None
Powder Bed,Ouyang P.; Dong H.; He X.; Cai X.; Wang Y.; Li J.; Li H.; Jin Z.,Hydromechanical mechanism behind the effect of pore size of porous titanium scaffolds on osteoblast response and bone ingrowth,2019,78,Single Factor,Regression,29,None,Yes,None,Yes,None
Powder Bed,Guo Y.; Wu J.; Xie K.; Tan J.; Yang Y.; Zhao S.; Wang L.; Jiang W.; Hao Y.,Study of Bone Regeneration and Osteointegration Effect of a Novel Selective Laser-Melted Titanium-Tantalum-Niobium-Zirconium Alloy Scaffold,2019,19,Full Factorial,ANOVA,30,None,Yes,None,None,None
Powder Bed,Teng X.; Zhang G.; Zhao Y.; Cui Y.; Li L.; Jiang L.,Study on magnetic abrasive finishing of AlSi10Mg alloy prepared by selective laser melting,2019,29,Single Factor,Descriptive ,3,None,None,None,None,None
Powder Bed,Xu H.-Z.; Gong Z.-C.; Zhong Q.,Study on the accuracy of Co-Cr-Mo alloy removable partial denture framework fabricated by selective laser melting,2020,0,Other,ANOVA,15,None,None,None,Yes,None
Powder Bed,Zhang Y.; Yin Y.,Investigation into the manufacturing process and properties of BrAl10Fe4 Aluminium-bronze parts by selective laser melting,2020,5,Taguchi,Descriptive ,9,None,None,Yes,None,None
Powder Bed,Zhang H.; Chang L.; Zhang H.; Li J.; Yang Z.; Qiao B.; Zhao Z.; Dong C.; Zhang K.,The mechanical properties and corrosion resistance of selective laser melting 30CrMnSiA steel,2020,3,Repeated Trials,Descriptive ,5,None,None,None,None,None
Powder Bed,Qian B.; Fan H.; Liu G.; Zhang J.; Li P.,"Microchannel liquid-cooled heat exchanger based on a nonuniform lattice: study on structure calculation, formation process, and boiling heat transfer performance",2021,6,Single Factor,Descriptive,6,None,None,None,None,None
Powder Bed,Larin M.; Pevzner Y.; Shalnova S.; Petrovskiy P.,Laser welding modes optimization of the selective laser melted ti-6al-4v thin-thickness parts with complex shape,2021,0,Full Factorial,Regression,8,None,Yes,Yes,None,None
Powder Bed,Lu J.; Liu W.; Hu X.; Wang S.; Tang G.; Zhao Y.,Rapid surface preparation for three-dimensional characterization of defect and microstructure of metal additive manufacturing using electrochemical jet,2021,3,Single Factor,Descriptive,2,None,None,None,None,None
Powder Bed,Albu M.; Panzirsch B.; SchrÃ¶ttner H.; Mitsche S.; Reichmann K.; Poletti M.C.; Kothleitner G.,High-resolution microstructure characterization of additively manufactured x5crnicunb17-4 maraging steel during ex and in situ thermal treatment,2021,2,Full Factorial,Descriptive,18,None,None,None,None,None
Powder Bed,Jia Y.; Saadlaoui Y.; Bergheau J.-M.,A temperature-dependent heat source for simulating deep penetration in selective laser melting process,2021,3,Full Factorial,Descriptive,24,None,None,None,None,None
Powder Bed,Larsson L.; Marattukalam J.J.; Paschalidou E.-M.; HjÃ¶rvarsson B.; Ferraz N.; Persson C.,Biocompatibility of a Zr-Based Metallic Glass Enabled by Additive Manufacturing,2022,3,Single Factor,ANOVA,27,None,Yes,Yes,None,None
Powder Bed,Huang Y.; Xie Z.; Li W.; Chen H.; Liu B.; Wang B.,Dynamic mechanical properties of the selective laser melting NiCrFeCoMo0.2 high entropy alloy and the microstructure of molten pool,2022,2,Other,Descriptive,16,None,None,None,None,None
Powder Bed,Zhang T.; liu F.; Deng X.; Zhao M.; Zhou H.; Zhang D.Z.,Experimental study on the thermal storage performance of phase change materials embedded with additively manufactured triply periodic minimal surface architected lattices,2022,5,Single Factor,Distribution Fitting,9,None,None,None,None,None
Powder Bed,Zhang D.; Liu W.; Li Y.; Sun D.; Wu Y.; Luo S.; Chen S.; Tao Y.; Zhang B.,In situ observation of crystal rotation in Ni-based superalloy during additive manufacturing process,2023,1,OFAT,Descriptive,4,None,None,None,None,None
Powder Bed,Li Y.; Liu H.; Wang C.; Yan R.; Xiang L.; Mu X.; Zheng L.; Liu C.; Hu M.,3D printing titanium grid scaffold facilitates osteogenesis in mandibular segmental defects,2023,0,Full Factorial,Mann-Whitney U,20,None,Yes,None,None,None
Powder Bed,Kim M.K.; Ham M.J.; Kim W.R.; Kim H.G.; Kwon K.J.; Kim S.G.; Park Y.W.,Investigating the accuracy of mandibulectomy and reconstructive surgery using 3D customized implants and surgical guides in a rabbit model,2023,0,Single Factor,T-Test ,20,None,None,None,None,None
Powder Bed,Tancogne-Dejean T.; Spierings A.B.; Mohr D.,Additively-manufactured metallic micro-lattice materials for high specific energy absorption under static and dynamic loading,2016,434,Full Factorial,Descriptive,24,None,None,None,Yes,None
Powder Bed,Zhang G.; Yang Y.; Lin H.; Song C.; Zhang Z.; Yu J.,Study on tribology performance of CoCrMo alloy parts manufactured by selective laser melting,2016,5,Taguchi,Regression,35,Yes,Yes,Yes ,Yes,None
Powder Bed,Kamath C.,Data mining and statistical inference in selective laser melting,2016,116,Full Factorial,Machine Learning,15,None,Yes,Yes,Yes,None
Powder Bed,Wang D.; Mai S.; Xiao D.; Yang Y.,Surface quality of the curved overhanging structure manufactured from 316-L stainless steel by SLM,2016,64,Single Factor,Descriptive,4,None,None,None,None,None
Powder Bed,Assadi H.; Kreye H.; GÃ¤rtner F.; Klassen T.,Cold spraying â€“ A materials perspective,2016,560,Full Factorial,Descriptive,30,None,None,None,None,None
All Manufacturing,"Lorenzo Barbera, Henry Korhonen, Kunal Masania & André R. Studart",Phase-separating resins for light-based three-dimensional printing of oxide glasses,2024,0,Other,Descriptive,46,None,None,None,None,None
All Manufacturing,"M. Frascio a, F. Moroni b, E. Marques c d, R. Carbas c d, M. Reis c, M. Monti a, M. Avalle a, L.F.M. da Silva d",Feasibility study on hybrid weld-bonded joints using additive manufacturing and conductive thermoplastic filament,2024,15,Single Factor,Descriptive,15,None,None,None,None,None
All Manufacturing, Saeed Behseresht and Young Ho Park ,Additive Manufacturing of Composite Polymers: Thermomechanical FEA and Experimental Study,2024,4,Full Factorial,Descriptive,45,None,None,None,None,None
All Manufacturing,"Xuesong Gao, Fernando Okigami, Nicholas Avedissian, Wei Zhang",An experimental and modeling study on warping in additively manufactured overhang structures,2024,2,Full Factorial,Regression,65,None,None,None,None,None
All Manufacturing,"Ankit Singh, Vishal Kumar, and Amitava Mandal",An experimental and numerical study on the influence of interlayer time interval in wire-arc additive manufacturing process,2024,1,Full Factorial,Descriptive,15,None,None,None,None,None
All Manufacturing,"Kang Dong, Qiang Wu, Xunpeng Qin, Zeqi Hu & Lin Hua ",In-situ optical monitoring and analysis of weld pool based on machine vision for wire and arc additive manufacturing,2024,0,Full Factorial,Regression,27,None,Yes,Yes,None,None
All Manufacturing,"Anand Mohan Pandey, Sajan Kapil, Manas Das",Numerical and experimental analysis of the localized electrodeposition (LED) based micro additive manufacturing process,2024,1,Single Factor,Descriptive,9,None,None,None,None,None
All Manufacturing,Junsong Liu & Yan Shi,Multi-objective Optimization in Selective Laser Melting of AlSi10Mg Alloy Based on Response Surface Methodology,2024,1,Central Composite,Regression,27,None,Yes,Yes,None,None
All Manufacturing,"Yanan Xu a, Zhaoxuan Feng b, Yunkai Gao b, Chi Wu a, Jianguang Fang c, Guangyong Sun a, Na Qiu d, Grant P Steven a, Qing Li",Topology optimization for additive manufacturing of CFRP structures,2024,2,Single Factor,Descriptive,9,None,None,None,None,None
All Manufacturing,"Cijun Shuai a b c, Wentao Xu a, Haofan He a, Feng Yang a, Jinglin Liu a, Pei Feng ",Layered co-continuous structure in bone scaffold fabricated by laser additive manufacturing for enhancing electro-responsive shape memory properties,2024,5,Single Factor,T-Test ,20,None,None,None,None,None
Powder Bed,"Yang Du a, Craig B. Arnold",Powder melting efficiency during laser powder bed fusion of stainless steel and titanium alloy,2024,2,Full Factorial,Regression,240,None,Yes,None,None,None
Powder Bed,"Prosenjit Biswas, Ji Ma",Development of crystallographic misorientation in laser powder bed fusion 316L stainless steel,2024,1,Single Factor,Descriptive,2,None,None,None,None,None
Powder Bed,"Saravanan Meghanathan, Raj Mohan Radhakrishnan and Raghuraman Srinivasan ",Machinability study on laser-based powder bed fusion processed hypo-eutectic aluminium alloy composite (AlSi10Mg?+?NbC),2024,2,Box–Behnken ,Regression,15,Yes,Yes,Yes,None,None
Powder Bed,"Jingchang Li a, Jiexiang Hu a, Qi Zhou a, Yahui Zhang ",Transfer learning-based quality monitoring of laser powder bed fusion across materials,2024,1,Full Factorial,Machine Learning,15,None,Yes,Yes,Yes,None
Powder Bed,"Zhongfeng Xu, Lionel Freire, Noëlle Billon, Yancheng Zhang, Jean-Luc Bouvard",Phase transformation and powder densification behavior of the polyamide-12 during powder bed fusion process,2024,0,Other,Descriptive,30,None,None,None,None,None
Powder Bed,"Yupei Tian a, Huilin Ren a, Jian He a, Xinmeng Zha a, Kaijie Lin c, Mingdong Zhou b, Yi Xiong",Surface roughness improvement of Ti-6Al-4V alloy overhang structures via process optimization for laser-powder bed fusion,2024,2,Full Factorial,Regression,25,None,Yes,None,None,None
Powder Bed,"Chaitanya Krishna Prasad Vallabh, Haolin Zhang, David Scott Anderson, Albert C. To & Xiayun Zhao","Melt pool width measurement in a multi-track, multi-layer laser powder bed fusion print using single-camera two-wavelength imaging pyrometry",2024,0,Single Factor,T-Test ,100,None,None,None,None,None
Powder Bed,"Andrea El Hassanin a, Emanuele Manco a, Antonino Squillace a, Muhannad Ahmed Obeidi",Optimisation of the laser polishing for laser-powder bed fusion and electron beam-powder bed fusion Ti6Al4V surfaces,2024,0,Box–Behnken ,Regression,17,None,None,None,Yes,None
Powder Bed,"Navid Sohrabi a, Toni Ivas a, Jamasp Jhabvala a, Jürgen E.K. Schawe b c, Jörg F. Löffler b, Hossein Ghasemi-Tabasi a, Roland E. Logé ",Quantitative prediction of crystallization in laser powder bed fusion of a Zr-based bulk metallic glass with high oxygen content,2024,0,Repeated Trials,Descriptive,7,None,None,None,None,None
Powder Bed,"Xiaojun Peng, Zhangdong Chen, Aoming Zhang, Xiaoqi Chen, Yingjie Zhang",Digital twin temperature field prediction of laser powder bed fusion through proper orthogonal decomposition with radial basis function,2024,1,Full Factorial,Machine Learning,165,None,None,None,None,None
Tissue engineering,Kim Y.B.; Lee H.; Kim G.H.,"Strategy to Achieve Highly Porous/Biocompatible Macroscale Cell Blocks, Using a Collagen/Genipin-bioink and an Optimal 3D Printing Process",2016,10,Single Factor,ANOVA,20,None,None,None,None,None
Tissue engineering,Sommer M.R.; Schaffner M.; Carnelli D.; Studart A.R.,3D Printing of Hierarchical Silk Fibroin Structures,2016,8,Single Factor,Regression,96,None,Yes,None,None,None
Tissue engineering,Wang M.; Favi P.; Cheng X.; Golshan N.H.; Ziemer K.S.; Keidar M.; Webster T.J.,Cold atmospheric plasma (CAP) surface nanomodified 3D printed polylactic acid (PLA) scaffolds for bone regeneration,2016,9,Full Factorial,ANOVA,108,None,None,None,None,None
Tissue engineering,Kozin E.D.; Black N.L.; Cheng J.T.; Cotler M.J.; McKenna M.J.; Lee D.J.; Lewis J.A.; Rosowski J.J.; Remenschneider A.K.,"Design, fabrication, and in vitro testing of novel three-dimensionally printed tympanic membrane grafts",2016,63,Full Factorial,Regression,87,None,Yes,None,None,None
Tissue engineering,Tan Y.J.; Tan X.; Yeong W.Y.; Tor S.B.,Additive manufacturing of patient-customizable scaffolds for tubular tissues using the Melt-Drawing Method,2016,0,Full Factorial,Descriptive ,90,None,None,None,None,None
Tissue engineering,Zhu W.; Xu C.; Ma B.-P.; Zheng Z.-B.; Li Y.-L.; Ma Q.; Wu G.-L.; Weng X.-S.,Three-dimensional printed scaffolds with gelatin and platelets enhance in vitro preosteoblast growth behavior and the sustained-release effect of growth factors,2016,5,Full Factorial,T-Test ,42,None,None,None,Yes,None
Tissue engineering,Kumar A.; Nune K.C.; Misra R.D.K.,Biological functionality and mechanistic contribution of extracellular matrix-ornamented three dimensional Ti-6Al-4V mesh scaffolds,2016,12,Single Factor,ANOVA,9,None,Yes,Yes,None,None
Tissue engineering,Goldstein T.A.; Epstein C.J.; Schwartz J.; Krush A.; Lagalante D.J.; Mercadante K.P.; Zeltsman D.; Smith L.P.; Grande D.A.,Feasibility of bioprinting with a modified desktop 3d printer,2016,5,Full Factorial,ANOVA,54,None,None,None,None,None
Tissue engineering,Zhou C.; Yang K.; Wang K.; Pei X.; Dong Z.; Hong Y.; Zhang X.,Combination of fused deposition modeling and gas foaming technique to fabricated hierarchical macro/microporous polymer scaffolds,2016,9,Full Factorial,Descriptive,12,None,None,None,None,None
Tissue engineering,Qu X.; Xia P.; He J.; Li D.,Microscale electrohydrodynamic printing of biomimetic PCL/nHA composite scaffolds for bone tissue engineering,2016,3,Single Factor,Descriptive,12,None,None,None,None,None
Tissue engineering,Li J.; Hashemi P.; Liu T.; Dang K.M.; Brunk M.G.K.; Mu X.; Nia A.S.; Sacher W.D.; Feng X.; Poon J.K.S.,3D printed titanium carbide MXene-coated polycaprolactone scaffolds for guided neuronal growth and photothermal stimulation,2024,1,Full Factorial,ANOVA,60,None,Yes,None,None,None
Tissue engineering,Dehghan-Toranposhti S.; Bakhshi R.; Alizadeh R.; Bohlouli M.,"Fabrication, characterization and evaluating properties of 3D printed PLA-Mn scaffolds",2024,0,Full Factorial,Descriptive,18,None,None,None,None,None
Tissue engineering,Spitzer L.; Adrien A.; Veettil U.T.; Olza S.; Alonso-Varona A.; Fernandes S.C.M.,Exploring marine-based compounds as cross-linkers to improve the biocompatibility and sustainability of chitosan-based hydrogels,2024,0,Full Factorial,ANOVA,72,None,None,None,None,None
Tissue engineering,Iglesias-Mejuto A.; Pinto R.; Faísca P.; Catarino J.; Rocha J.; Durães L.; Gaspar M.M.; Reis C.P.; García-González C.A.,3D-printed aerogels as theranostic implants monitored by fluorescence bioimaging,2024,0,Single Factor,ANOVA,9,None,None,None,None,None
Tissue engineering,Yuan C.; Jiang J.; Zhang X.; Gu L.; Wang X.; Shao L.,Direct 3D printing of freeform anisotropic bioactive structure based on shear-oriented ink system,2024,0,Full Factorial,Descriptive,27,None,None,None,None,None
Tissue engineering,Shiravand A.; Richter K.; Willmann P.; Eulzer P.; Lawonn K.; Hundertmark A.; Cattaneo G.,"Fabrication, characterization and numerical validation of a novel thin-wall hydrogel vessel model for cardiovascular research based on a patient-specific stenotic carotid artery bifurcation",2024,0,Full Factorial,Regression,40,None,Yes,None,None,None
Tissue engineering,Jiang Z.; Jin B.; Liang Z.; Wang Y.; Ren S.; Huang Y.; Li C.; Sun H.; Li Y.; Liu L.; Li N.; Wang J.; Cui Z.; Huang P.; Yang H.; Mao Y.; Ye H.,"Liver bioprinting within a novel support medium with functionalized spheroids, hepatic vein structures, and enhanced post-transplantation vascularization",2024,1,Full Factorial,ANOVA,96,None,None,None,None,None
Tissue engineering,Posabella P.; Heljak M.; Costantini M.; ?wi?szkowski W.,Spherical-based porous architectures: In silico design and validation,2024,0,Full Factorial,Regression,66,None,Yes,None,None,None
Tissue engineering,Schipka R.; Heltmann-Meyer S.; Schneidereit D.; Friedrich O.; Röder J.; Boccaccini A.R.; Schrüfer S.; Schubert D.W.; Horch R.E.; Bosserhoff A.K.; Arkudas A.; Kengelbach-Weigand A.; Schmid R.,Characterization of two different alginate-based bioinks and the influence of melanoma growth within,2024,0,Full Factorial,ANOVA,48,None,None,None,None,None
Tissue engineering,Huang N.; Chan B.P.,A 3D micro-printed single cell micro-niche with asymmetric niche signals – An in vitro model for asymmetric cell division study,2024,1,Full Factorial,Regression,66,Yes,Yes,None,None,None
Orthopedic Engineering,Wang M.; Favi P.; Cheng X.; Golshan N.H.; Ziemer K.S.; Keidar M.; Webster T.J.,Cold atmospheric plasma (CAP) surface nanomodified 3D printed polylactic acid (PLA) scaffolds for bone regeneration,2016,9,Full Factorial,ANOVA,108,None,None,None,None,None
Orthopedic Engineering,Qu X.; Xia P.; He J.; Li D.,Microscale electrohydrodynamic printing of biomimetic PCL/nHA composite scaffolds for bone tissue engineering,2016,3,Single Factor,Descriptive,12,None,None,None,None,None
Orthopedic Engineering,Basalah A.; Esmaeili S.; Toyserkani E.,On the influence of sintering protocols and layer thickness on the physical and mechanical properties of additive manufactured titanium porous bio-structures,2016,31,Full Factorial,ANOVA,96,None,None,None,None,None
Orthopedic Engineering,Shah F.A.; Omar O.; Suska F.; Snis A.; Matic A.; Emanuelsson L.; Norlindh B.; Lausmaa J.; Thomsen P.; Palmquist A.,Long-term osseointegration of 3D printed CoCr constructs with an interconnected open-pore architecture prepared by electron beam melting,2016,118,Single Factor,Mann-Whitney U,10,None,Yes,None,Yes,None
Orthopedic Engineering,Yang Y.; Yang S.; Wang Y.; Yu Z.; Ao H.; Zhang H.; Qin L.; Guillaume O.; Eglin D.; Richards R.G.; Tang T.,"Anti-infective efficacy, cytocompatibility and biocompatibility of a 3D-printed osteoconductive composite scaffold functionalized with quaternized chitosan",2016,125,Single Factor,ANOVA,12,None,Yes,None,Yes,None
Orthopedic Engineering,Yang L.; Shang X.-W.; Fan J.-N.; He Z.-X.; Wang J.-J.; Liu M.; Zhuang Y.; Ye C.,Application of 3D Printing in the Surgical Planning of Trimalleolar Fracture and Doctor-Patient Communication,2016,68,Single Factor,T-Test ,30,None,None,None,Yes,Yes
Orthopedic Engineering,Wu C.-F.; Zheng Z.-G.; Chen X.-H.; Yu Z.-X.; Zhang G.-D.; Chen X.; Lin H.-B.; Wu X.-W.; Gao X.-Q.,Digital design of standard parts database for distal femoral fractures treated with plating via three-dimensional printing,2016,2,Single Factor,T-Test ,30,None,None,None,Yes,Yes
Orthopedic Engineering,Jia Z.; Xiu P.; Xiong P.; Zhou W.; Cheng Y.; Wei S.; Zheng Y.; Xi T.; Cai H.; Liu Z.; Wang C.; Zhang W.; Li Z.,Additively Manufactured Macroporous Titanium with Silver-Releasing Micro-/Nanoporous Surface for Multipurpose Infection Control and Bone Repair - A Proof of Concept,2016,99,Single Factor,ANOVA,42,None,None,None,Yes,None
Orthopedic Engineering,Rhee S.; Puetzer J.L.; Mason B.N.; Reinhart-King C.A.; Bonassar L.J.,3D Bioprinting of Spatially Heterogeneous Collagen Constructs for Cartilage Tissue Engineering,2016,296,Full Factorial,ANOVA,75,None,Yes,None,None,None
Orthopedic Engineering,You W.; Liu L.J.; Chen H.X.; Xiong J.Y.; Wang D.M.; Huang J.H.; Ding J.L.; Wang D.P.,Application of 3D printing technology on the treatment of complex proximal humeral fractures (Neer3-part and 4-part) in old people,2016,67,Single Factor,Mann-Whitney U,66,None,Yes,None,Yes,None
Orthopedic Engineering,Miao A.; Li Q.; Tang G.; Lu Q.,Alginate-containing 3D-printed hydrogel scaffolds incorporated with strontium promotes vascularization and bone regeneration,2024,0,Single Factor,T-Test ,48,None,None,None,None,None
Orthopedic Engineering,Wang C.; Dong J.; Liu F.; Liu N.; Li L.,3D-printed PCL@BG scaffold integrated with SDF-1?-loaded hydrogel for enhancing local treatment of bone defects,2024,4,Single Factor,ANOVA,12,None,None,None,Yes,None
Orthopedic Engineering,Wu H.; Li Z.; Jiang W.; Lin K.; Zhao C.; Wang X.,3D-printed porous polyether-ether-ketone composite scaffolds for better osteogenic activity,2024,0,Single Factor,T-Test ,27,None,None,None,Yes,None
Orthopedic Engineering,Li S.; Li S.; Liu H.; Liu L.; Pan D.; wang S.; Hui D.; Wang W.; Gao L.; Gao J.; zhu Y.; Zhang X.; Li B.; Zhou S.,Microstructure and mechanical properties of large Ti6Al4V components by electron beam powder bed fusion,2024,0,Single-Factor,Descriptive,9,None,None,None,None,None
Orthopedic Engineering,Zhang H.; Guo H.-P.; Xu R.-D.; Duan S.-Y.; Liang H.-R.; Cai Z.-C.,Surgical treatment outcomes of acetabular posterior wall and posterior column fractures using 3D printing technology and individualized custom-made metal plates: a retrospective study,2024,0,Full Factorial,Mann-Whitney U,31,None,Yes,None,None,Yes
Orthopedic Engineering,Li Z.; Wang H.; Wang Z.; Qi Z.; Yao Q.,An analysis of clinical application effects of 3d-printeact titanium trabecular intervertebral fusion cage in posterior lumbar interbody fusion (PLIF),2024,0,Single-Factor,T-Test ,40,None,None,None,Yes,None
Orthopedic Engineering,Amin H.; Tapp A.; Kailes B.; Sheean A.; Bulysheva A.; Francis M.P.,Multiaxial filament winding of biopolymer microfibers with a collagen resin binder for orthobiologic medical device biomanufacturing,2024,0,Single-Factor,T-Test ,14,None,None,None,None,None
Orthopedic Engineering,Suffo M.; López-Marín C.; Revenga C.; Andrés-Cano P.,Polyetherimide in 3D printing: Pioneering non-metallic solutions for personalized orthopedic and traumatology hip prosthetics,2024,0,Repeated Trials,Descriptive,11,None,None,None,None,None
Orthopedic Engineering,Wang K.; Zhou H.; Wang H.; Li B.; Liang C.,Bone ingrowth induced by gelatin/chitosan internal matrix of 3DP Ti6Al4V scaffold,2024,0,Single-Factor,ANOVA,12,None,Yes,None,Yes,None
Orthopedic Engineering,Moorthy V.; Chua I.T.H.; Tan S.E.; Pillai A.; Tan B.Y.; Yam M.G.J.,Impact of introducing 3D printing-assisted surgery into clinical practice for traumatic pelvic and acetabular fractures,2024,0,Single-Factor,T-Test ,26,None,None,None,Yes,None
Selective Laser Melting,Röttger A.; Geenen K.; Windmann M.; Binner F.; Theisen W.,Comparison of microstructure and mechanical properties of 316 L austenitic steel processed by selective laser melting with hot-isostatic pressed and cast material,2016,219,Single-Factor,Descriptive,160,None,None,None,None,None
Selective Laser Melting,Awd M.; Tenkamp J.; Hirtler M.; Siddique S.; Bambach M.; Walther F.,Comparison of microstructure and mechanical properties of Scalmalloy® produced by selective laser melting and laser metal deposition,2017,139,Other,Regression,12,None,None,Yes,None,None
Selective Laser Melting,Rosa F.; Manzoni S.; Casati R.,Damping behavior of 316L lattice structures produced by Selective Laser Melting,2018,60,Full Factorial,Descrpitive ,6,None,None,None,None,None
Selective Laser Melting,Alkhatib S.E.; Matar M.S.; Tarlochan F.; Laban O.; Mohamed A.S.; Alqwasmi N.,Deformation modes and crashworthiness energy absorption of sinusoidally corrugated tubes manufactured by direct metal laser sintering,2019,66,Full Factorial,Descrpitive ,10,None,None,None,None,None
Selective Laser Melting,Ge J.; Huang J.; Lei Y.; O'Reilly P.; Ahmed M.; Zhang C.; Yan X.; Yin S.,Microstructural features and compressive properties of SLM Ti6Al4V lattice structures,2020,64,Single Factor,Descriptiveq,6,None,None,None,None,None
Selective Laser Melting,Liu Q.; Xu R.; Zhou Y.; Ge J.; Yuan S.; Long Y.; Shi T.,"Metamaterials mapped lightweight structures by principal stress lines and topology optimization: Methodology, additive manufacturing, ductile failure and tests",2021,18,Single Factor,Descriptive,3,None,None,None,None,None
Selective Laser Melting,Zhan X.; Wang Q.; Wang L.; Gao Z.; Yang X.,Regionalization of microstructure and mechanical properties of Ti6Al4V transition area fabricated by WAAM-LMD hybrid additive manufacturing,2022,24,Single Factor,Descriptive,12,None,None,None,None,None
Selective Laser Melting,Sun Y.; Liu J.; Wang J.; Wang Y.; Ni C.; Wu J.; Dai T.; Ding H.; Hao M.,Thermal and mechanical properties of an Al-Mg-Sc-Zr high strength alloy fabricated by selective laser melting,2023,6,Other,Descriptive,15,None,None,None,None,None
Selective Laser Melting,Xie W.; Yang X.; Yang H.; Duan X.,The effects of TiC particle on microstructure and mechanical properties of Inconel 718 fabricated by selective arc melting,2024,1,Full Factorial,Descriptive,36,None,None,None,None,None
Selective Laser Melting,Gokuldoss Prashanth K.; Scudino S.; Eckert J.,Tensile Properties of Al-12Si Fabricated via Selective Laser Melting (SLM) at Different Temperatures,2016,46,Single Factor,Descriptive,12,None,None,None,None,None
Selective Laser Melting,Jahadakbar A.; Moghaddam N.S.; Amerinatanzi A.; Dean D.; Karaca H.E.; Elahinia M.,Finite element simulation and additive manufacturing of stiffness-matched NiTi fixation hardware for mandibular reconstruction surgery,2016,64,Full Factorial,Regression,18,None,Yes,None,None,None
Selective Laser Melting,"Takezawa, Akihiro (6507305262); Koizumi, Yuichiro (57202772340); Kobashi, Makoto (7004823575)",High-stiffness and strength porous maraging steel via topology optimization and selective laser melting,2017,52,Single Factor,Descrpitive ,3,None,None,None,None,None
Selective Laser Melting,"Yao, Xiling (55918576600); Moon, Seung Ki (55921866700); Lee, Bing Yang (57033143200); Bi, Guijun (57218448820)",Effects of heat treatment on microstructures and tensile properties of IN718/TiC nanocomposite fabricated by selective laser melting,2017,66,Single Factor,Descriptive,4,None,None,None,None,None
Selective Laser Melting,"Bezuidenhout, Martin B. (56572631500); Booysen, Elzaan (57202740822); Van Staden, Anton D. (43761807700); Uheida, Emad H. (57193061643); Hugo, Philippus A. (55919963500); Oosthuizen, Gert A. (36057268100); Dimitrov, Dimiter M. (55920391200); Dicks, Leon M.T. (7005841563)",Selective Laser Melting of Integrated Ti6Al4V ELI Permeable Walls for Controlled Drug Delivery of Vancomycin,2018,13,Central Composite,Regression,14,Yes,Yes,None,Yes,None
Selective Laser Melting,"Ambrosi, Adriano (16038953000); Pumera, Martin (16246120900)",Multimaterial 3D-Printed Water Electrolyzer with Earth-Abundant Electrodeposited Catalysts,2018,70,Single Factor,Descriptive,5,None,None,None,None,None
Selective Laser Melting,Churyumov A.Y.; Pozdniakov A.V.; Prosviryakov A.S.; Loginova I.S.; Daubarayte D.K.; Ryabov D.K.; Korolev V.A.; Solonin A.N.; Pavlov M.D.; Valchuk S.V.,Microstructure and mechanical properties of a novel selective laser melted Al-Mg alloy with low Sc content,2019,31,Full Factorial,Descriptive,27,None,None,None,None,None
Selective Laser Melting,Majeed A.; Ahmed A.; Salam A.; Sheikh M.Z.,"Surface quality improvement by parameters analysis, optimization and heat treatment of AlSi10Mg parts manufactured by SLM additive manufacturing",2019,90,Full Factorial,Regression,81,None,Yes,Yes,None,None
Selective Laser Melting,Grzelak K.; Kluczy?ski J.; Szachog?uchowicz I.; ?uszczek J.; ?nie?ek L.; Torzewski J.,Modification of structural properties using process parameters and surface treatment of monolithic and thin-walled parts obtained by selective laser melting,2020,10,Other,Descriptive,15,None,None,None,None,None
Selective Laser Melting,Ghorbani J.; Li J.; Srivastava A.K.,Application of optimized laser surface re-melting process on selective laser melted 316L stainless steel inclined parts,2020,40,Box–Behnken ,Regression,27,None,Yes,Yes,Yes,None
Selective Laser Melting,Sato Y.; Mizuguchi Y.; Takenaka K.; Yoshida N.; Srisawadi S.; Tanprayoon D.; Ohkubo T.; Suga T.; Tsukamoto M.,Pure titanium fabrication with spatter-less selective laser melting in vacuum,2021,5,Single Factor,Descriptive,5,None,None,None,None,None
Selective Laser Melting,Yang W.; Wang X.; Zhou H.; Zhou T.,Effect of nano TiC on microstructure and microhardness of composite additive manufacturing 316L stainless steel,2021,6,Full Factorial,Descriptive,50,None,None,None,None,None
Selective Laser Melting,Kraiem N.; Constantin L.; Mao A.; Wang F.; Cui B.; Silvain J.-F.; Lu Y.F.,Influence of aluminum addition on the laser powder bed fusion of copper-aluminum mixtures,2022,3,Full Factorial,Descriptive,36,None,None,None,None,None
Selective Laser Melting,Zhou S.; Wang J.; Yang G.; Wu B.; Xie H.; Wu K.; An D.,"Periodic microstructure of Al–Mg alloy fabricated by inter-layer hammering hybrid wire arc additive manufacturing: Formation mechanism, microstructural and mechanical characterization",2022,41,Single Factor,Descriptive,15,None,None,None,None,None
Selective Laser Melting,Jang H.S.; Kim S.H.; Park G.-W.; Jeon J.B.; Kim D.; Kim D.; Kim W.R.; Choi Y.S.; Shin S.,Process Parameter Optimization for Laser Powder Bed Fusion of Fe-Si Alloy Considering Surface Morphology and Track Width of Single Scan Track,2023,2,Full Factorial,Regression,16,None,Yes,None,None,None
Selective Laser Melting,Shakirov I.V.; Olisov A.V.; Kuznetsov P.A.; Zhukov A.S.,Evaluation of the Possibility of Formation of a Controlled Structure by Changing the Technological Parameters of the LPBF Process,2023,0,Single Factor,Descriptive,2,None,None,None,None,None
Selective Laser Melting,Wang J.; Qian C.; Yu B.; Zhang F.; Ma R.; Shi J.; Chen J.,Design and optimization of additive manufactured Fischer-Koch-structured heat exchanger for enhanced heat transfer efficiency,2024,0,Full Factorial,Regression,28,None,Yes,None,None,None
Selective Laser Melting,Yin A.; Yu W.; Li W.; Zhu W.; Ji V.; Jiang C.; Wang C.,Microstructural and thermal relaxation of residual stress in dual peened TA15 titanium alloy fabricated by SLM,2024,2,Full Factorial,Regression,60,None,None,Yes,None,None
